{"std": {"zpdes_dl07f102pf02se6ul03": 20.379663977077008, "zpdes_dl07f102pf17se6ul05": 20.102803571683015}, "mean": {"zpdes_dl07f102pf02se6ul03": 98.249081919874541, "zpdes_dl07f102pf17se6ul05": 94.66394510612551}}