{"std": {"zpdes_dl07fr02pf1se6tt07ul05": 4.677027299726829, "zpdes_dl07fr05pf1se4tt07ul05": 4.2830497870849946}, "mean": {"zpdes_dl07fr02pf1se6tt07ul05": 5.2287548509591186, "zpdes_dl07fr05pf1se4tt07ul05": 3.894178710582036}}