{"std": {"zpdes_dl07fr02pf14se6ul03": 9.7199281908494406, "zpdes_dl07fr02pf06se6ul05": 12.753486753543205, "zpdes_dl07fr02pf02se6ul03": 9.0062976659261942, "zpdes_dl07fr02pf14se6ul05": 7.8404215741451893, "zpdes_dl07fr02pf06se6ul03": 9.8803315632115165, "zpdes_dl07fr02pf04se6ul03": 10.127476040313057, "zpdes_dl07fr02pf18se6ul05": 10.372027084271483, "zpdes_dl07fr02pf16se6ul05": 11.007782226375715, "zpdes_dl07fr02pf04se6ul05": 11.583810268956572, "zpdes_dl07fr02pf1se6ul04": 12.865399588385916, "zpdes_dl07fr02pf1se6ul05": 8.9969006379145888, "zpdes_dl07fr02pf1se6ul06": 10.711915974196955, "zpdes_dl07fr02pf1se6ul07": 10.521337807681242, "zpdes_dl07fr02pf02se6ul05": 8.3116070184602542, "zpdes_dl07fr02pf1se6ul03": 7.4488255055814117, "zpdes_dl07fr02pf12se6ul05": 9.8166293775415081, "zpdes_dl07fr02pf08se6ul03": 13.706657691135955, "zpdes_dl07fr02pf08se6ul05": 8.7482387109956399, "zpdes_dl07fr02pf16se6ul03": 9.08591116635567, "zpdes_dl07fr02pf12se6ul03": 7.9007065179213063}, "mean": {"zpdes_dl07fr02pf14se6ul03": 13.015980353017559, "zpdes_dl07fr02pf06se6ul05": 21.23750745671439, "zpdes_dl07fr02pf02se6ul03": 21.862326854172949, "zpdes_dl07fr02pf14se6ul05": 29.852013097344827, "zpdes_dl07fr02pf06se6ul03": 20.188970231842685, "zpdes_dl07fr02pf04se6ul03": 17.079794527527508, "zpdes_dl07fr02pf18se6ul05": 24.845793245145519, "zpdes_dl07fr02pf16se6ul05": 20.197064570957746, "zpdes_dl07fr02pf04se6ul05": 21.902295817004671, "zpdes_dl07fr02pf1se6ul04": 26.828903104596527, "zpdes_dl07fr02pf1se6ul05": 16.229968068997238, "zpdes_dl07fr02pf1se6ul06": 21.85143022054682, "zpdes_dl07fr02pf1se6ul07": 22.962253412192666, "zpdes_dl07fr02pf02se6ul05": 22.302402290456808, "zpdes_dl07fr02pf1se6ul03": 21.986321533470139, "zpdes_dl07fr02pf12se6ul05": 26.603989657328974, "zpdes_dl07fr02pf08se6ul03": 18.754676398005241, "zpdes_dl07fr02pf08se6ul05": 28.978660872726675, "zpdes_dl07fr02pf16se6ul03": 22.09611344369058, "zpdes_dl07fr02pf12se6ul03": 14.998621268600328}}