{"std": {"zpdes_dl05fr02pf1se4tt07ul05": [3.9989930882558147, 5.5787746169725496], "zpdes_dl04fr02pf1se4tt07ul05": [4.8163660803373487, 3.4767655370913459], "zpdes_dl07fr01pf1se4tt07ul05": [3.5160965638253163, 5.7475768795197943], "zpdes_dl07fr03pf1se6tt07ul05": [3.3879981740068965, 4.6326719184426617], "zpdes_dl07fr04pf1se6tt07ul05": [4.4397851513040001, 3.9673643491557655], "zpdes_dl07fr03pf1se4tt07ul05": [4.4155088089311114, 3.8254867645521413], "zpdes_dl07fr01pf1se5tt07ul05": [4.8128621768053144, 3.8255322391017317], "zpdes_dl06fr02pf1se6tt07ul05": [4.3193083630678757, 7.3745872006673938], "zpdes_dl07fr02pf1se4tt07ul05": [4.2024388626862601, 3.6997729011168041], "zpdes_dl07fr05pf1se6tt07ul05": [4.2448635991527297, 4.512519918004215], "zpdes_dl07fr05pf1se5tt07ul05": [4.5922916742380275, 5.1027880628575097], "zpdes_dl04fr02pf1se6tt07ul05": [3.6161183603993448, 4.6809852320993057], "zpdes_dl07fr04pf1se5tt07ul05": [3.050018612080255, 4.0830339521994574], "zpdes_dl05fr02pf1se6tt07ul05": [4.2570813440952229, 5.1058937138372622], "zpdes_dl07fr05pf1se4tt07ul05": [4.3637402147719699, 4.4169368040112849], "zpdes_dl07fr04pf1se4tt07ul05": [3.5345480414110351, 3.8076755375933278], "zpdes_dl07fr01pf1se6tt07ul05": [4.8086014222518081, 3.9989788463543596], "zpdes_dl07fr02pf1se5tt07ul05": [3.9892064955028319, 4.0471387995103125], "zpdes_dl07fr02pf1se6tt07ul05": [3.937210374350069, 3.8570277453572603], "zpdes_dl07fr03pf1se5tt07ul05": [5.0575962406378734, 4.884215033126079]}, "mean": {"zpdes_dl05fr02pf1se4tt07ul05": [3.9891739530090744, 4.6437886629246021], "zpdes_dl04fr02pf1se4tt07ul05": [4.6845744979491313, 4.198414810809731], "zpdes_dl07fr01pf1se4tt07ul05": [4.114415942477013, 7.2768888313912159], "zpdes_dl07fr03pf1se6tt07ul05": [6.9320391516329591, 4.1917762365580939], "zpdes_dl07fr04pf1se6tt07ul05": [5.7795366916753448, 6.3598755182881561], "zpdes_dl07fr03pf1se4tt07ul05": [5.6055864096030659, 4.0063531611253023], "zpdes_dl07fr01pf1se5tt07ul05": [4.8521169671303301, 3.7509677860641779], "zpdes_dl06fr02pf1se6tt07ul05": [5.1543240884606289, 4.955575721159093], "zpdes_dl07fr02pf1se4tt07ul05": [5.9754815645673567, 4.6778594466799301], "zpdes_dl07fr05pf1se6tt07ul05": [3.9063817150771194, 5.0441403831626657], "zpdes_dl07fr05pf1se5tt07ul05": [5.1145365096030666, 4.5808666216974956], "zpdes_dl04fr02pf1se6tt07ul05": [4.2925825267498299, 4.6634462601708098], "zpdes_dl07fr04pf1se5tt07ul05": [2.6973167522896313, 4.7473235019210298], "zpdes_dl05fr02pf1se6tt07ul05": [3.8625342313433793, 5.9781913952962995], "zpdes_dl07fr05pf1se4tt07ul05": [4.2975100290172197, 4.1023930669766955], "zpdes_dl07fr04pf1se4tt07ul05": [3.90810441924895, 5.0469454147198736], "zpdes_dl07fr01pf1se6tt07ul05": [5.9869537843163005, 7.7764035851395361], "zpdes_dl07fr02pf1se5tt07ul05": [3.4316100823787492, 4.757624826149093], "zpdes_dl07fr02pf1se6tt07ul05": [5.2288707144119098, 5.4407742271490935], "zpdes_dl07fr03pf1se5tt07ul05": [4.9593034974107288, 5.0270467699146026]}}